{
    "x1": {
        "ci": [1.8113,3.0636],
        "data": [430.6,59.0,23.5,3.5,1.7,8.4,2.5,39.9,1136.0,1428.0,45.3,65.2,20.3,15.6,74.0,147.5,29.2,92.2,3.7,19.4,74.4,612.0,45.3,11.0,66.0,10.4,48.9,6.1,178.2,3.0,191.0,26.0],
        "name": "rd",
        "slope": 2.4375,
        "intercept": -4.0874,
        "rvalue": 0.9523,
        "pvalue": 0,
        "stderr": 0.3066005,
        "t": 7.95,
        "yRange": [0.0564,3476.6626]
    },
    "x2": {
        "ci": [1.7970,3.0709],
        "corr_x1": 0.0147,
        "data": [4.09,16.5,18.0,-3.22,19.05,12.13,0.96,8.53,12.96,10.46,3.19,14.14,4.03,0.44,5.44,4.87,27.19,5.1,21.73,16.44,18.67,8.99,17.73,17.07,4.48,11.41,2.31,3.66,11.08,2.19,8.21,6.48],
        "name": "profmarg",
        "slope_x1": 2.4340,
        "slope_x2": 10.5407,
        "intercept": -107.0977,
        "rvalue": 0.9567,
        "pvalue": 0,
        "stderr": 0.3114307,
        "t": 7.82,
        "yRange": [97.8404,3478.9100]
    },
    "x3": {
        "ci": [-0.5500, 1.5754],
        "corr_x1": 0.9496,
        "data": [4570.2,2830.0,596.8,133.6,42.0,390.0,93.9,907.9,19773.0,39709.0,2936.5,2513.8,1124.8,921.6,2432.6,6754.0,1066.3,3199.9,150.0,509.7,1452.7,8995.0,1212.3,906.6,2592.0,201.5,2617.8,502.2,2824.0,292.2,7621.0,1631.5],
        "ftest": 1092.48,
        "name": "sales",
        "slope_x1": 0.5127,
        "slope_x2": 0.0867,
        "intercept": -37.5563,
        "rvalue": 0.9841,
        "pvalue": 0.332,
        "jointP": 0,
        "stderr": 0.5195966,
        "t": 0.99,
        "yRange": [-33.0433,4137.3496]
    },
    "xRange": [1.7, 1428.0],
    "y": [186.9,467.0,107.4,-4.3,8.0,47.3,0.9,77.4,2563.0,4154.0,93.7,355.4,45.3,4.1,132.4,329.0,289.9,163.2,32.6,83.8,271.2,809.0,215.0,154.8,116.0,23.0,60.5,18.4,313.0,6.4,626.0,105.8]
}