{
    "x1": {
        "data": [8.4395,8.7698,10.5587,9.0705,9.1292,10.7150,9.4609,7.7349,8.3131,8.5543,10.2240,9.3598,9.4007,9.1106,8.4441,10.7869,9.4978,7.0333,9.7013,8.5272,7.9321,8.7820,7.9739,8.2711,8.3749,7.3133,9.8377,9.1533,7.8618,10.2538,9.4264,8.7049,9.8951,9.8781,9.8215,9.6886,9.5539,8.9380,8.6940,8.6195,8.3052,8.7920,7.7346,11.1689,10.2079,7.8768,8.5971,8.5333,9.7799,8.9166,9.2533,8.9714,8.9571,10.3686,8.7742,10.5164,7.4512,9.5846,9.1238,9.2159,9.3796,8.4976,8.6667,7.9814,7.9282,9.3035,9.4482,9.0530,9.9222,11.0500,8.5089,6.6908,10.0057,8.2907,8.3119,10.0255,8.7152,7.7792,9.1813,8.8611,9.0057,9.3852,8.6293,9.6443,8.7795,9.3317,10.0968,9.4351,8.6740,10.1488,9.9935,9.5483,9.2387,8.3720,10.3606,8.3997,11.1873,10.5326,8.7642,7.9735],
        "intercept": 10.0242,
        "pvalue": 0,
        "rvalue": 0.6055,
        "slope": 1.1569,
        "stderr": 0.359728,
        "t": 72.66,
        "yRange": [17.7650, 22.9671]
    },
    "x2": {
        "data": [12.4265,11.7835,11.1797,11.2319,10.4033,11.0616,10.2183,9.6148,11.8803,10.4663,11.3724,11.0946,11.9961,10.3040,9.5786,13.0156,10.5452,9.1844,9.9267,9.3550,9.7220,11.1689,11.2445,11.0190,10.1091,10.0094,10.4629,10.1436,10.9929,10.3724,12.6531,10.5017,11.3095,10.4507,10.5719,9.8488,10.8010,11.0614,10.8670,9.8459,9.6982,10.1731,11.4817,10.6755,11.0988,11.9086,10.4436,9.2907,10.4724,11.1111,10.4937,10.2005,10.3887,11.4118,12.0410,11.3184,10.9833,11.5415,10.6693,9.4433,10.4206,10.0516,10.6073,11.4178,12.2806,12.2337,10.7979,9.1703,10.7829,11.7173,11.2487,10.5355,11.7788,9.1499,11.1642,10.7778,10.7430,10.2323,11.1790,10.6746,9.2286,11.5462,10.8930,10.7678,10.7214,10.9841,11.4060,12.3762,10.3728,11.3821,12.2056,11.9033,11.8453,9.9168,13.1157,10.5045,13.3665,10.1984,10.6278,11.3694],
        "corr_x1": 0.3371,
        "intercept": 2.5595,
        "pvalue": 0,
        "rvalue": 0.7591,
        "slope_x1": 0.8437,
        "stderr": 0.1263036,
        "t": 7.82,
        "yRange": [8.2046, 11.9983]
    },
    "x3": {
        "data": [9.8653,10.5842,11.9747,10.5914,10.3810,12.2033,10.7521,8.8138,9.8955,10.6789,11.5303,11.2682,10.3349,10.7548,10.4055,12.4189,11.1735,8.6302,10.9402,9.8075,9.7696,10.0702,9.5422,9.9118,10.9206,8.8772,11.5360,10.8514,9.2358,11.7768,11.6929,10.6106,11.5030,11.2856,10.5238,11.7923,10.5412,10.9462,11.2362,9.7076,10.3601,10.3780,8.8553,11.9712,11.0685,9.4372,9.6796,10.5593,12.2968,10.0434,11.2508,10.9889,10.7856,11.4716,10.4241,11.9220,9.5309,11.0432,11.2167,10.7105,11.4799,9.7700,9.8302,11.1754,9.5331,11.0826,11.3603,10.5162,11.7347,12.6853,10.1436,8.6296,11.5697,10.9689,9.7371,11.1247,10.4396,9.7161,11.0328,10.3546,10.2211,11.5768,10.1934,10.8821,10.3780,10.8921,12.1504,11.1080,10.7147,11.4957,11.6670,11.0314,10.9355,9.7240,11.3326,11.0097,12.9098,11.5133,10.2009,9.2389],
        "corr_x1": 0.8851,
        "intercept": 6.8680,
        "pvalue": 0,
        "rvalue": 0.6663,
        "slope_x1": 0.1468,
        "stderr": 0.2656879,
        "yRange": [7.8499, 8.5098]
    },
    "xRange": [6.6908,11.1873],
    "y": [20.5766,20.6151,21.2159,19.7708,19.3471,22.5961,17.9562,17.6406,22.0125,22.1828,23.2039,22.1197,19.6043,19.4574,18.6322,25.1381,20.6131,15.5560,21.5514,19.0740,18.7291,21.4573,18.4480,20.5916,19.5068,18.5704,20.9381,20.6280,20.5643,21.1564,24.3636,18.9239,21.0909,22.2556,20.4731,18.5890,18.9783,20.8069,21.9690,18.4517,19.6825,20.5101,21.0081,21.7028,21.1153,18.5926,19.2226,18.2782,20.7952,19.9746,21.7594,18.1967,19.7471,22.0001,20.5720,22.5744,19.9257,21.5517,18.4202,21.7253,20.6953,19.4728,19.7113,22.6180,21.6314,22.1065,21.5364,17.7412,22.3746,22.9416,22.8092,16.5141,21.8846,19.9443,20.4115,20.3131,19.1859,19.0930,21.1976,18.2390,18.4843,22.3132,20.2612,19.5949,20.5755,22.2548,23.0127,21.3487,19.6520,22.2240,22.2256,19.7771,22.6651,17.8114,22.8748,22.0182,24.5023,21.5575,18.5680,19.2538]
}