{
    "x1": {
        "ci": [1.8113,3.0636],
        "data": [434.6,63.0,27.5,7.5,5.7,12.4,6.5,43.9,1140.0,1432.0,49.3,69.2,24.3,19.6,78.0,151.5,33.2,96.2,7.7,23.4,78.4,616.0,49.3,15.0,70.0,14.4,52.9,10.1,182.2,7.0,195.0,30.0],
        "name": "rd",
        "slope": 2.4375,
        "intercept": -4.0874,
        "rvalue": 0.9523,
        "pvalue": 0,
        "stderr": 0.3066005,
        "t": 7.95,
        "yRange": [7.0562,3483.5929]
    },
    "x2": {
        "ci": [1.7970,3.0709],
        "data": [8.09,20.5,22.0,0.78,23.05,16.13,4.96,12.53,16.96,14.46,7.19,18.14,8.03,4.44,9.44,8.87,31.19,9.1,25.73,20.44,22.67,12.99,21.73,21.07,8.48,15.41,6.31,7.66,15.08,6.19,12.21,10.48],
        "name": "profmarg",
        "corr_x1": 0.0147,
        "slope_x1": 2.4340,
        "slope_x2": 10.5407,
        "intercept": -107.0977,
        "rvalue": 0.9567,
        "pvalue": 0,
        "stderr": 0.3114307,
        "t": 7.82,
        "yRange": [-138.1129,3333.5097]
    },
    "x3": {
        "ci": [-0.5500, 1.5754],
        "data": [4574.2,2834.0,600.8,137.6,46.0,394.0,97.9,911.9,19777.0,39713.0,2940.5,2517.8,1128.8,925.6,2436.6,6758.0,1070.3,3203.9,154.0,513.7,1456.7,8999.0,1216.3,910.6,2596.0,205.5,2621.8,506.2,2828.0,296.2,7625.0,1635.5],
        "name": "sales",
        "corr_x1": 0.9496,
        "slope_x1": 0.5127,
        "slope_x2": 0.0867,
        "intercept": -37.5563,
        "rvalue": 0.9841,
        "pvalue": 0.332,
        "stderr": 0.5195966,
        "t": 0.99,
        "yRange": [-30.0315,701.2617]
    },
    "xRange": [5.7, 1432],
    "y": [193.9,474.0,114.4,2.7,15.0,54.3,7.9,84.4,2570.0,4161.0,100.7,362.4,52.3,11.1,139.4,336.0,296.9,170.2,39.6,90.8,278.2,816.0,222.0,161.8,123.0,30.0,67.5,25.4,320.0,13.4,633.0,112.8],
    "yname": "profits"
}