{
    "non_robust": {
        "slope": -0.5814623,
        "standard_error": 0.4807183,
        "t_value": -1.21,
        "p_value": 0.231,
        "confidence_interval": [
            -1.383975,
            0.2210499
        ]
    },
    "robust": {
        "slope": -0.5814623,
        "standard_error": 0.3112581,
        "t_value": -1.87,
        "p_value": 0.066,
        "confidence_interval": [
            -1.101077,
            -0.0618473
        ]
    }
}